{
  "name": "Apache24",
  "type": "directory",
  "children": [{
    "name": "ABOUT_APACHE.txt",
    "type": "file"
  }, {
    "name": "bin",
    "type": "directory",
    "children": [{
      "name": "ab.exe",
      "type": "file"
    }, {
      "name": "abs.exe",
      "type": "file"
    }, {
      "name": "ApacheMonitor.exe",
      "type": "file"
    }, {
      "name": "apr_crypto_openssl-1.dll",
      "type": "file"
    }, {
      "name": "apr_dbd_mysql-1.dll",
      "type": "file"
    }, {
      "name": "apr_dbd_odbc-1.dll",
      "type": "file"
    }, {
      "name": "apr_dbd_sqlite3-1.dll",
      "type": "file"
    }, {
      "name": "apr_ldap-1.dll",
      "type": "file"
    }, {
      "name": "brotli.exe",
      "type": "file"
    }, {
      "name": "dbmmanage.pl",
      "type": "file"
    }, {
      "name": "htcacheclean.exe",
      "type": "file"
    }, {
      "name": "htdbm.exe",
      "type": "file"
    }, {
      "name": "htdigest.exe",
      "type": "file"
    }, {
      "name": "htpasswd.exe",
      "type": "file"
    }, {
      "name": "httpd.exe",
      "type": "file"
    }, {
      "name": "httxt2dbm.exe",
      "type": "file"
    }, {
      "name": "iconv",
      "type": "directory",
      "children": [{
        "name": "adobe-stdenc.so",
        "type": "file"
      }, {
        "name": "adobe-symbol.so",
        "type": "file"
      }, {
        "name": "adobe-zdingbats.so",
        "type": "file"
      }, {
        "name": "big5.so",
        "type": "file"
      }, {
        "name": "cns11643-plane1.so",
        "type": "file"
      }, {
        "name": "cns11643-plane14.so",
        "type": "file"
      }, {
        "name": "cns11643-plane2.so",
        "type": "file"
      }, {
        "name": "cp037.so",
        "type": "file"
      }, {
        "name": "cp038.so",
        "type": "file"
      }, {
        "name": "cp10000.so",
        "type": "file"
      }, {
        "name": "cp10006.so",
        "type": "file"
      }, {
        "name": "cp10007.so",
        "type": "file"
      }, {
        "name": "cp10029.so",
        "type": "file"
      }, {
        "name": "cp1006.so",
        "type": "file"
      }, {
        "name": "cp10079.so",
        "type": "file"
      }, {
        "name": "cp10081.so",
        "type": "file"
      }, {
        "name": "cp1026.so",
        "type": "file"
      }, {
        "name": "cp273.so",
        "type": "file"
      }, {
        "name": "cp274.so",
        "type": "file"
      }, {
        "name": "cp275.so",
        "type": "file"
      }, {
        "name": "cp277.so",
        "type": "file"
      }, {
        "name": "cp278.so",
        "type": "file"
      }, {
        "name": "cp280.so",
        "type": "file"
      }, {
        "name": "cp281.so",
        "type": "file"
      }, {
        "name": "cp284.so",
        "type": "file"
      }, {
        "name": "cp285.so",
        "type": "file"
      }, {
        "name": "cp290.so",
        "type": "file"
      }, {
        "name": "cp297.so",
        "type": "file"
      }, {
        "name": "cp420.so",
        "type": "file"
      }, {
        "name": "cp423.so",
        "type": "file"
      }, {
        "name": "cp424.so",
        "type": "file"
      }, {
        "name": "cp437.so",
        "type": "file"
      }, {
        "name": "cp500.so",
        "type": "file"
      }, {
        "name": "cp737.so",
        "type": "file"
      }, {
        "name": "cp775.so",
        "type": "file"
      }, {
        "name": "cp850.so",
        "type": "file"
      }, {
        "name": "cp851.so",
        "type": "file"
      }, {
        "name": "cp852.so",
        "type": "file"
      }, {
        "name": "cp855.so",
        "type": "file"
      }, {
        "name": "cp856.so",
        "type": "file"
      }, {
        "name": "cp857.so",
        "type": "file"
      }, {
        "name": "cp860.so",
        "type": "file"
      }, {
        "name": "cp861.so",
        "type": "file"
      }, {
        "name": "cp862.so",
        "type": "file"
      }, {
        "name": "cp863.so",
        "type": "file"
      }, {
        "name": "cp864.so",
        "type": "file"
      }, {
        "name": "cp865.so",
        "type": "file"
      }, {
        "name": "cp866.so",
        "type": "file"
      }, {
        "name": "cp868.so",
        "type": "file"
      }, {
        "name": "cp869.so",
        "type": "file"
      }, {
        "name": "cp870.so",
        "type": "file"
      }, {
        "name": "cp871.so",
        "type": "file"
      }, {
        "name": "cp874.so",
        "type": "file"
      }, {
        "name": "cp875.so",
        "type": "file"
      }, {
        "name": "cp880.so",
        "type": "file"
      }, {
        "name": "cp891.so",
        "type": "file"
      }, {
        "name": "cp903.so",
        "type": "file"
      }, {
        "name": "cp904.so",
        "type": "file"
      }, {
        "name": "cp905.so",
        "type": "file"
      }, {
        "name": "cp918.so",
        "type": "file"
      }, {
        "name": "cp932.so",
        "type": "file"
      }, {
        "name": "cp936.so",
        "type": "file"
      }, {
        "name": "cp949.so",
        "type": "file"
      }, {
        "name": "cp950.so",
        "type": "file"
      }, {
        "name": "dec-mcs.so",
        "type": "file"
      }, {
        "name": "ebcdic-at-de-a.so",
        "type": "file"
      }, {
        "name": "ebcdic-at-de.so",
        "type": "file"
      }, {
        "name": "ebcdic-ca-fr.so",
        "type": "file"
      }, {
        "name": "ebcdic-dk-no-a.so",
        "type": "file"
      }, {
        "name": "ebcdic-dk-no.so",
        "type": "file"
      }, {
        "name": "ebcdic-es-a.so",
        "type": "file"
      }, {
        "name": "ebcdic-es-s.so",
        "type": "file"
      }, {
        "name": "ebcdic-es.so",
        "type": "file"
      }, {
        "name": "ebcdic-fi-se-a.so",
        "type": "file"
      }, {
        "name": "ebcdic-fi-se.so",
        "type": "file"
      }, {
        "name": "ebcdic-fr.so",
        "type": "file"
      }, {
        "name": "ebcdic-it.so",
        "type": "file"
      }, {
        "name": "ebcdic-pt.so",
        "type": "file"
      }, {
        "name": "ebcdic-uk.so",
        "type": "file"
      }, {
        "name": "ebcdic-us.so",
        "type": "file"
      }, {
        "name": "euc-jp.so",
        "type": "file"
      }, {
        "name": "euc-kr.so",
        "type": "file"
      }, {
        "name": "euc-tw.so",
        "type": "file"
      }, {
        "name": "gb12345.so",
        "type": "file"
      }, {
        "name": "gb2312.so",
        "type": "file"
      }, {
        "name": "gb_2312-80.so",
        "type": "file"
      }, {
        "name": "hp-roman8.so",
        "type": "file"
      }, {
        "name": "iso-10646-ucs-2.so",
        "type": "file"
      }, {
        "name": "iso-10646-ucs-4.so",
        "type": "file"
      }, {
        "name": "iso-2022-cn.so",
        "type": "file"
      }, {
        "name": "iso-2022-jp-2.so",
        "type": "file"
      }, {
        "name": "iso-2022-jp.so",
        "type": "file"
      }, {
        "name": "iso-2022-kr.so",
        "type": "file"
      }, {
        "name": "iso-8859-1.so",
        "type": "file"
      }, {
        "name": "iso-8859-10.so",
        "type": "file"
      }, {
        "name": "iso-8859-13.so",
        "type": "file"
      }, {
        "name": "iso-8859-14.so",
        "type": "file"
      }, {
        "name": "iso-8859-15.so",
        "type": "file"
      }, {
        "name": "iso-8859-2.so",
        "type": "file"
      }, {
        "name": "iso-8859-3.so",
        "type": "file"
      }, {
        "name": "iso-8859-4.so",
        "type": "file"
      }, {
        "name": "iso-8859-5.so",
        "type": "file"
      }, {
        "name": "iso-8859-6.so",
        "type": "file"
      }, {
        "name": "iso-8859-7.so",
        "type": "file"
      }, {
        "name": "iso-8859-8.so",
        "type": "file"
      }, {
        "name": "iso-8859-9.so",
        "type": "file"
      }, {
        "name": "iso-ir-10.so",
        "type": "file"
      }, {
        "name": "iso-ir-102.so",
        "type": "file"
      }, {
        "name": "iso-ir-103.so",
        "type": "file"
      }, {
        "name": "iso-ir-11.so",
        "type": "file"
      }, {
        "name": "iso-ir-111.so",
        "type": "file"
      }, {
        "name": "iso-ir-121.so",
        "type": "file"
      }, {
        "name": "iso-ir-122.so",
        "type": "file"
      }, {
        "name": "iso-ir-123.so",
        "type": "file"
      }, {
        "name": "iso-ir-128.so",
        "type": "file"
      }, {
        "name": "iso-ir-13.so",
        "type": "file"
      }, {
        "name": "iso-ir-139.so",
        "type": "file"
      }, {
        "name": "iso-ir-14.so",
        "type": "file"
      }, {
        "name": "iso-ir-141.so",
        "type": "file"
      }, {
        "name": "iso-ir-142.so",
        "type": "file"
      }, {
        "name": "iso-ir-143.so",
        "type": "file"
      }, {
        "name": "iso-ir-146.so",
        "type": "file"
      }, {
        "name": "iso-ir-147.so",
        "type": "file"
      }, {
        "name": "iso-ir-15.so",
        "type": "file"
      }, {
        "name": "iso-ir-150.so",
        "type": "file"
      }, {
        "name": "iso-ir-151.so",
        "type": "file"
      }, {
        "name": "iso-ir-152.so",
        "type": "file"
      }, {
        "name": "iso-ir-153.so",
        "type": "file"
      }, {
        "name": "iso-ir-154.so",
        "type": "file"
      }, {
        "name": "iso-ir-155.so",
        "type": "file"
      }, {
        "name": "iso-ir-158.so",
        "type": "file"
      }, {
        "name": "iso-ir-16.so",
        "type": "file"
      }, {
        "name": "iso-ir-17.so",
        "type": "file"
      }, {
        "name": "iso-ir-18.so",
        "type": "file"
      }, {
        "name": "iso-ir-19.so",
        "type": "file"
      }, {
        "name": "iso-ir-2.so",
        "type": "file"
      }, {
        "name": "iso-ir-21.so",
        "type": "file"
      }, {
        "name": "iso-ir-25.so",
        "type": "file"
      }, {
        "name": "iso-ir-27.so",
        "type": "file"
      }, {
        "name": "iso-ir-37.so",
        "type": "file"
      }, {
        "name": "iso-ir-4.so",
        "type": "file"
      }, {
        "name": "iso-ir-47.so",
        "type": "file"
      }, {
        "name": "iso-ir-49.so",
        "type": "file"
      }, {
        "name": "iso-ir-50.so",
        "type": "file"
      }, {
        "name": "iso-ir-51.so",
        "type": "file"
      }, {
        "name": "iso-ir-54.so",
        "type": "file"
      }, {
        "name": "iso-ir-55.so",
        "type": "file"
      }, {
        "name": "iso-ir-57.so",
        "type": "file"
      }, {
        "name": "iso-ir-60.so",
        "type": "file"
      }, {
        "name": "iso-ir-61.so",
        "type": "file"
      }, {
        "name": "iso-ir-69.so",
        "type": "file"
      }, {
        "name": "iso-ir-70.so",
        "type": "file"
      }, {
        "name": "iso-ir-8-1.so",
        "type": "file"
      }, {
        "name": "iso-ir-8-2.so",
        "type": "file"
      }, {
        "name": "iso-ir-84.so",
        "type": "file"
      }, {
        "name": "iso-ir-85.so",
        "type": "file"
      }, {
        "name": "iso-ir-86.so",
        "type": "file"
      }, {
        "name": "iso-ir-88.so",
        "type": "file"
      }, {
        "name": "iso-ir-89.so",
        "type": "file"
      }, {
        "name": "iso-ir-9-1.so",
        "type": "file"
      }, {
        "name": "iso-ir-9-2.so",
        "type": "file"
      }, {
        "name": "iso-ir-90.so",
        "type": "file"
      }, {
        "name": "iso-ir-91.so",
        "type": "file"
      }, {
        "name": "iso-ir-92.so",
        "type": "file"
      }, {
        "name": "iso-ir-93.so",
        "type": "file"
      }, {
        "name": "iso-ir-94.so",
        "type": "file"
      }, {
        "name": "iso-ir-95.so",
        "type": "file"
      }, {
        "name": "iso-ir-96.so",
        "type": "file"
      }, {
        "name": "iso-ir-98.so",
        "type": "file"
      }, {
        "name": "iso-ir-99.so",
        "type": "file"
      }, {
        "name": "iso646-dk.so",
        "type": "file"
      }, {
        "name": "iso646-kr.so",
        "type": "file"
      }, {
        "name": "jis_x0201.so",
        "type": "file"
      }, {
        "name": "jis_x0208-1983.so",
        "type": "file"
      }, {
        "name": "jis_x0212-1990.so",
        "type": "file"
      }, {
        "name": "johab.so",
        "type": "file"
      }, {
        "name": "koi8-r.so",
        "type": "file"
      }, {
        "name": "koi8-ru.so",
        "type": "file"
      }, {
        "name": "koi8-u.so",
        "type": "file"
      }, {
        "name": "ksx1001.so",
        "type": "file"
      }, {
        "name": "mac-ce.so",
        "type": "file"
      }, {
        "name": "mac-croatian.so",
        "type": "file"
      }, {
        "name": "mac-cyrillic.so",
        "type": "file"
      }, {
        "name": "mac-dingbats.so",
        "type": "file"
      }, {
        "name": "mac-greek.so",
        "type": "file"
      }, {
        "name": "mac-iceland.so",
        "type": "file"
      }, {
        "name": "mac-japan.so",
        "type": "file"
      }, {
        "name": "mac-roman.so",
        "type": "file"
      }, {
        "name": "mac-romania.so",
        "type": "file"
      }, {
        "name": "mac-thai.so",
        "type": "file"
      }, {
        "name": "mac-turkish.so",
        "type": "file"
      }, {
        "name": "mac-ukraine.so",
        "type": "file"
      }, {
        "name": "macintosh.so",
        "type": "file"
      }, {
        "name": "osd_ebcdic_df04_1.so",
        "type": "file"
      }, {
        "name": "osd_ebcdic_df04_15.so",
        "type": "file"
      }, {
        "name": "shift_jis.so",
        "type": "file"
      }, {
        "name": "ucs2-internal.so",
        "type": "file"
      }, {
        "name": "ucs4-internal.so",
        "type": "file"
      }, {
        "name": "unicode-1-1-utf-7.so",
        "type": "file"
      }, {
        "name": "us-ascii.so",
        "type": "file"
      }, {
        "name": "utf-16.so",
        "type": "file"
      }, {
        "name": "utf-8.so",
        "type": "file"
      }, {
        "name": "windows-1250.so",
        "type": "file"
      }, {
        "name": "windows-1251.so",
        "type": "file"
      }, {
        "name": "windows-1252.so",
        "type": "file"
      }, {
        "name": "windows-1253.so",
        "type": "file"
      }, {
        "name": "windows-1254.so",
        "type": "file"
      }, {
        "name": "windows-1255.so",
        "type": "file"
      }, {
        "name": "windows-1256.so",
        "type": "file"
      }, {
        "name": "windows-1257.so",
        "type": "file"
      }, {
        "name": "windows-1258.so",
        "type": "file"
      }, {
        "name": "_tbl_simple.so",
        "type": "file"
      }]
    }, {
      "name": "libapr-1.dll",
      "type": "file"
    }, {
      "name": "libapriconv-1.dll",
      "type": "file"
    }, {
      "name": "libaprutil-1.dll",
      "type": "file"
    }, {
      "name": "libbrotli.dll",
      "type": "file"
    }, {
      "name": "libcrypto-1_1.dll",
      "type": "file"
    }, {
      "name": "libcurl.dll",
      "type": "file"
    }, {
      "name": "libhttpd.dll",
      "type": "file"
    }, {
      "name": "libssl-1_1.dll",
      "type": "file"
    }, {
      "name": "libxml2.dll",
      "type": "file"
    }, {
      "name": "logresolve.exe",
      "type": "file"
    }, {
      "name": "lua52.dll",
      "type": "file"
    }, {
      "name": "nghttp2.dll",
      "type": "file"
    }, {
      "name": "openssl.exe",
      "type": "file"
    }, {
      "name": "pcre.dll",
      "type": "file"
    }, {
      "name": "rotatelogs.exe",
      "type": "file"
    }, {
      "name": "sqlite3.dll",
      "type": "file"
    }, {
      "name": "sqlite3.exe",
      "type": "file"
    }, {
      "name": "verifybins.bat",
      "type": "file"
    }, {
      "name": "wintty.exe",
      "type": "file"
    }, {
      "name": "zlib1.dll",
      "type": "file"
    }]
  }, {
    "name": "cgi-bin",
    "type": "directory",
    "children": [{
      "name": "printenv.pl",
      "type": "file"
    }]
  }, {
    "name": "CHANGES.txt",
    "type": "file"
  }, {
    "name": "conf",
    "type": "directory",
    "children": [{
      "name": "charset.conv",
      "type": "file"
    }, {
      "name": "extra",
      "type": "directory",
      "children": [{
        "name": "httpd-ahssl.conf",
        "type": "file"
      }, {
        "name": "httpd-autoindex.conf",
        "type": "file"
      }, {
        "name": "httpd-dav.conf",
        "type": "file"
      }, {
        "name": "httpd-default.conf",
        "type": "file"
      }, {
        "name": "httpd-deflate.conf",
        "type": "file"
      }, {
        "name": "httpd-info.conf",
        "type": "file"
      }, {
        "name": "httpd-languages.conf",
        "type": "file"
      }, {
        "name": "httpd-manual.conf",
        "type": "file"
      }, {
        "name": "httpd-mpm.conf",
        "type": "file"
      }, {
        "name": "httpd-multilang-errordoc.conf",
        "type": "file"
      }, {
        "name": "httpd-proxy-html.conf",
        "type": "file"
      }, {
        "name": "httpd-ssl.conf",
        "type": "file"
      }, {
        "name": "httpd-userdir.conf",
        "type": "file"
      }, {
        "name": "httpd-vhosts.conf",
        "type": "file"
      }]
    }, {
      "name": "httpd.conf",
      "type": "file"
    }, {
      "name": "magic",
      "type": "file"
    }, {
      "name": "mime.types",
      "type": "file"
    }, {
      "name": "openssl.cnf",
      "type": "file"
    }, {
      "name": "original",
      "type": "directory",
      "children": [{
        "name": "charset.conv",
        "type": "file"
      }, {
        "name": "extra",
        "type": "directory",
        "children": [{
          "name": "httpd-autoindex.conf",
          "type": "file"
        }, {
          "name": "httpd-dav.conf",
          "type": "file"
        }, {
          "name": "httpd-default.conf",
          "type": "file"
        }, {
          "name": "httpd-info.conf",
          "type": "file"
        }, {
          "name": "httpd-languages.conf",
          "type": "file"
        }, {
          "name": "httpd-manual.conf",
          "type": "file"
        }, {
          "name": "httpd-mpm.conf",
          "type": "file"
        }, {
          "name": "httpd-multilang-errordoc.conf",
          "type": "file"
        }, {
          "name": "httpd-ssl.conf",
          "type": "file"
        }, {
          "name": "httpd-userdir.conf",
          "type": "file"
        }, {
          "name": "httpd-vhosts.conf",
          "type": "file"
        }, {
          "name": "proxy-html.conf",
          "type": "file"
        }]
      }, {
        "name": "httpd.conf",
        "type": "file"
      }, {
        "name": "magic",
        "type": "file"
      }, {
        "name": "mime.types",
        "type": "file"
      }]
    }, {
      "name": "ssl",
      "type": "directory",
      "children": [{
        "name": "server.crt",
        "type": "file"
      }, {
        "name": "server.key",
        "type": "file"
      }]
    }]
  }, {
    "name": "error",
    "type": "directory",
    "children": [{
      "name": "contact.html.var",
      "type": "file"
    }, {
      "name": "HTTP_BAD_GATEWAY.html.var",
      "type": "file"
    }, {
      "name": "HTTP_BAD_REQUEST.html.var",
      "type": "file"
    }, {
      "name": "HTTP_FORBIDDEN.html.var",
      "type": "file"
    }, {
      "name": "HTTP_GONE.html.var",
      "type": "file"
    }, {
      "name": "HTTP_INTERNAL_SERVER_ERROR.html.var",
      "type": "file"
    }, {
      "name": "HTTP_LENGTH_REQUIRED.html.var",
      "type": "file"
    }, {
      "name": "HTTP_METHOD_NOT_ALLOWED.html.var",
      "type": "file"
    }, {
      "name": "HTTP_NOT_FOUND.html.var",
      "type": "file"
    }, {
      "name": "HTTP_NOT_IMPLEMENTED.html.var",
      "type": "file"
    }, {
      "name": "HTTP_PRECONDITION_FAILED.html.var",
      "type": "file"
    }, {
      "name": "HTTP_REQUEST_ENTITY_TOO_LARGE.html.var",
      "type": "file"
    }, {
      "name": "HTTP_REQUEST_TIME_OUT.html.var",
      "type": "file"
    }, {
      "name": "HTTP_REQUEST_URI_TOO_LARGE.html.var",
      "type": "file"
    }, {
      "name": "HTTP_SERVICE_UNAVAILABLE.html.var",
      "type": "file"
    }, {
      "name": "HTTP_UNAUTHORIZED.html.var",
      "type": "file"
    }, {
      "name": "HTTP_UNSUPPORTED_MEDIA_TYPE.html.var",
      "type": "file"
    }, {
      "name": "HTTP_VARIANT_ALSO_VARIES.html.var",
      "type": "file"
    }, {
      "name": "include",
      "type": "directory",
      "children": [{
        "name": "bottom.html",
        "type": "file"
      }, {
        "name": "spacer.html",
        "type": "file"
      }, {
        "name": "top.html",
        "type": "file"
      }]
    }, {
      "name": "README",
      "type": "file"
    }]
  }, {
    "name": "htdocs",
    "type": "directory",
    "children": [{
      "name": "index.html",
      "type": "file"
    }]
  }, {
    "name": "icons",
    "type": "directory",
    "children": [{
      "name": "a.gif",
      "type": "file"
    }, {
      "name": "a.png",
      "type": "file"
    }, {
      "name": "alert.black.gif",
      "type": "file"
    }, {
      "name": "alert.black.png",
      "type": "file"
    }, {
      "name": "alert.red.gif",
      "type": "file"
    }, {
      "name": "alert.red.png",
      "type": "file"
    }, {
      "name": "apache_pb.gif",
      "type": "file"
    }, {
      "name": "apache_pb.png",
      "type": "file"
    }, {
      "name": "apache_pb.svg",
      "type": "file"
    }, {
      "name": "apache_pb2.gif",
      "type": "file"
    }, {
      "name": "apache_pb2.png",
      "type": "file"
    }, {
      "name": "apache_pb24f.png",
      "type": "file"
    }, {
      "name": "apache_pbf.png",
      "type": "file"
    }, {
      "name": "back.gif",
      "type": "file"
    }, {
      "name": "back.png",
      "type": "file"
    }, {
      "name": "ball.gray.gif",
      "type": "file"
    }, {
      "name": "ball.gray.png",
      "type": "file"
    }, {
      "name": "ball.red.gif",
      "type": "file"
    }, {
      "name": "ball.red.png",
      "type": "file"
    }, {
      "name": "binary.gif",
      "type": "file"
    }, {
      "name": "binary.png",
      "type": "file"
    }, {
      "name": "binhex.gif",
      "type": "file"
    }, {
      "name": "binhex.png",
      "type": "file"
    }, {
      "name": "blank.gif",
      "type": "file"
    }, {
      "name": "blank.png",
      "type": "file"
    }, {
      "name": "bomb.gif",
      "type": "file"
    }, {
      "name": "bomb.png",
      "type": "file"
    }, {
      "name": "box1.gif",
      "type": "file"
    }, {
      "name": "box1.png",
      "type": "file"
    }, {
      "name": "box2.gif",
      "type": "file"
    }, {
      "name": "box2.png",
      "type": "file"
    }, {
      "name": "broken.gif",
      "type": "file"
    }, {
      "name": "broken.png",
      "type": "file"
    }, {
      "name": "burst.gif",
      "type": "file"
    }, {
      "name": "burst.png",
      "type": "file"
    }, {
      "name": "c.gif",
      "type": "file"
    }, {
      "name": "c.png",
      "type": "file"
    }, {
      "name": "comp.blue.gif",
      "type": "file"
    }, {
      "name": "comp.blue.png",
      "type": "file"
    }, {
      "name": "comp.gray.gif",
      "type": "file"
    }, {
      "name": "comp.gray.png",
      "type": "file"
    }, {
      "name": "compressed.gif",
      "type": "file"
    }, {
      "name": "compressed.png",
      "type": "file"
    }, {
      "name": "continued.gif",
      "type": "file"
    }, {
      "name": "continued.png",
      "type": "file"
    }, {
      "name": "dir.gif",
      "type": "file"
    }, {
      "name": "dir.png",
      "type": "file"
    }, {
      "name": "diskimg.gif",
      "type": "file"
    }, {
      "name": "diskimg.png",
      "type": "file"
    }, {
      "name": "down.gif",
      "type": "file"
    }, {
      "name": "down.png",
      "type": "file"
    }, {
      "name": "dvi.gif",
      "type": "file"
    }, {
      "name": "dvi.png",
      "type": "file"
    }, {
      "name": "f.gif",
      "type": "file"
    }, {
      "name": "f.png",
      "type": "file"
    }, {
      "name": "folder.gif",
      "type": "file"
    }, {
      "name": "folder.open.gif",
      "type": "file"
    }, {
      "name": "folder.open.png",
      "type": "file"
    }, {
      "name": "folder.png",
      "type": "file"
    }, {
      "name": "folder.sec.gif",
      "type": "file"
    }, {
      "name": "folder.sec.png",
      "type": "file"
    }, {
      "name": "forward.gif",
      "type": "file"
    }, {
      "name": "forward.png",
      "type": "file"
    }, {
      "name": "generic.gif",
      "type": "file"
    }, {
      "name": "generic.png",
      "type": "file"
    }, {
      "name": "generic.red.gif",
      "type": "file"
    }, {
      "name": "generic.red.png",
      "type": "file"
    }, {
      "name": "generic.sec.gif",
      "type": "file"
    }, {
      "name": "generic.sec.png",
      "type": "file"
    }, {
      "name": "hand.right.gif",
      "type": "file"
    }, {
      "name": "hand.right.png",
      "type": "file"
    }, {
      "name": "hand.up.gif",
      "type": "file"
    }, {
      "name": "hand.up.png",
      "type": "file"
    }, {
      "name": "icon.sheet.gif",
      "type": "file"
    }, {
      "name": "icon.sheet.png",
      "type": "file"
    }, {
      "name": "image1.gif",
      "type": "file"
    }, {
      "name": "image1.png",
      "type": "file"
    }, {
      "name": "image2.gif",
      "type": "file"
    }, {
      "name": "image2.png",
      "type": "file"
    }, {
      "name": "image3.gif",
      "type": "file"
    }, {
      "name": "image3.png",
      "type": "file"
    }, {
      "name": "index.gif",
      "type": "file"
    }, {
      "name": "index.png",
      "type": "file"
    }, {
      "name": "layout.gif",
      "type": "file"
    }, {
      "name": "layout.png",
      "type": "file"
    }, {
      "name": "left.gif",
      "type": "file"
    }, {
      "name": "left.png",
      "type": "file"
    }, {
      "name": "link.gif",
      "type": "file"
    }, {
      "name": "link.png",
      "type": "file"
    }, {
      "name": "movie.gif",
      "type": "file"
    }, {
      "name": "movie.png",
      "type": "file"
    }, {
      "name": "odf6odb.png",
      "type": "file"
    }, {
      "name": "odf6odc.png",
      "type": "file"
    }, {
      "name": "odf6odf.png",
      "type": "file"
    }, {
      "name": "odf6odg.png",
      "type": "file"
    }, {
      "name": "odf6odi.png",
      "type": "file"
    }, {
      "name": "odf6odm.png",
      "type": "file"
    }, {
      "name": "odf6odp.png",
      "type": "file"
    }, {
      "name": "odf6ods.png",
      "type": "file"
    }, {
      "name": "odf6odt.png",
      "type": "file"
    }, {
      "name": "odf6otc.png",
      "type": "file"
    }, {
      "name": "odf6otf.png",
      "type": "file"
    }, {
      "name": "odf6otg.png",
      "type": "file"
    }, {
      "name": "odf6oth.png",
      "type": "file"
    }, {
      "name": "odf6oti.png",
      "type": "file"
    }, {
      "name": "odf6otp.png",
      "type": "file"
    }, {
      "name": "odf6ots.png",
      "type": "file"
    }, {
      "name": "odf6ott.png",
      "type": "file"
    }, {
      "name": "p.gif",
      "type": "file"
    }, {
      "name": "p.png",
      "type": "file"
    }, {
      "name": "patch.gif",
      "type": "file"
    }, {
      "name": "patch.png",
      "type": "file"
    }, {
      "name": "pdf.gif",
      "type": "file"
    }, {
      "name": "pdf.png",
      "type": "file"
    }, {
      "name": "pie0.gif",
      "type": "file"
    }, {
      "name": "pie0.png",
      "type": "file"
    }, {
      "name": "pie1.gif",
      "type": "file"
    }, {
      "name": "pie1.png",
      "type": "file"
    }, {
      "name": "pie2.gif",
      "type": "file"
    }, {
      "name": "pie2.png",
      "type": "file"
    }, {
      "name": "pie3.gif",
      "type": "file"
    }, {
      "name": "pie3.png",
      "type": "file"
    }, {
      "name": "pie4.gif",
      "type": "file"
    }, {
      "name": "pie4.png",
      "type": "file"
    }, {
      "name": "pie5.gif",
      "type": "file"
    }, {
      "name": "pie5.png",
      "type": "file"
    }, {
      "name": "pie6.gif",
      "type": "file"
    }, {
      "name": "pie6.png",
      "type": "file"
    }, {
      "name": "pie7.gif",
      "type": "file"
    }, {
      "name": "pie7.png",
      "type": "file"
    }, {
      "name": "pie8.gif",
      "type": "file"
    }, {
      "name": "pie8.png",
      "type": "file"
    }, {
      "name": "portal.gif",
      "type": "file"
    }, {
      "name": "portal.png",
      "type": "file"
    }, {
      "name": "ps.gif",
      "type": "file"
    }, {
      "name": "ps.png",
      "type": "file"
    }, {
      "name": "quill.gif",
      "type": "file"
    }, {
      "name": "quill.png",
      "type": "file"
    }, {
      "name": "README",
      "type": "file"
    }, {
      "name": "README.html",
      "type": "file"
    }, {
      "name": "right.gif",
      "type": "file"
    }, {
      "name": "right.png",
      "type": "file"
    }, {
      "name": "screw1.gif",
      "type": "file"
    }, {
      "name": "screw1.png",
      "type": "file"
    }, {
      "name": "screw2.gif",
      "type": "file"
    }, {
      "name": "screw2.png",
      "type": "file"
    }, {
      "name": "script.gif",
      "type": "file"
    }, {
      "name": "script.png",
      "type": "file"
    }, {
      "name": "small",
      "type": "directory",
      "children": [{
        "name": "back.gif",
        "type": "file"
      }, {
        "name": "back.png",
        "type": "file"
      }, {
        "name": "binary.gif",
        "type": "file"
      }, {
        "name": "binary.png",
        "type": "file"
      }, {
        "name": "binhex.gif",
        "type": "file"
      }, {
        "name": "binhex.png",
        "type": "file"
      }, {
        "name": "blank.gif",
        "type": "file"
      }, {
        "name": "blank.png",
        "type": "file"
      }, {
        "name": "broken.gif",
        "type": "file"
      }, {
        "name": "broken.png",
        "type": "file"
      }, {
        "name": "burst.gif",
        "type": "file"
      }, {
        "name": "burst.png",
        "type": "file"
      }, {
        "name": "comp1.gif",
        "type": "file"
      }, {
        "name": "comp1.png",
        "type": "file"
      }, {
        "name": "comp2.gif",
        "type": "file"
      }, {
        "name": "comp2.png",
        "type": "file"
      }, {
        "name": "compressed.gif",
        "type": "file"
      }, {
        "name": "compressed.png",
        "type": "file"
      }, {
        "name": "continued.gif",
        "type": "file"
      }, {
        "name": "continued.png",
        "type": "file"
      }, {
        "name": "doc.gif",
        "type": "file"
      }, {
        "name": "doc.png",
        "type": "file"
      }, {
        "name": "folder.gif",
        "type": "file"
      }, {
        "name": "folder.png",
        "type": "file"
      }, {
        "name": "folder2.gif",
        "type": "file"
      }, {
        "name": "folder2.png",
        "type": "file"
      }, {
        "name": "forward.gif",
        "type": "file"
      }, {
        "name": "forward.png",
        "type": "file"
      }, {
        "name": "generic.gif",
        "type": "file"
      }, {
        "name": "generic.png",
        "type": "file"
      }, {
        "name": "generic2.gif",
        "type": "file"
      }, {
        "name": "generic2.png",
        "type": "file"
      }, {
        "name": "generic3.gif",
        "type": "file"
      }, {
        "name": "generic3.png",
        "type": "file"
      }, {
        "name": "image.gif",
        "type": "file"
      }, {
        "name": "image.png",
        "type": "file"
      }, {
        "name": "image2.gif",
        "type": "file"
      }, {
        "name": "image2.png",
        "type": "file"
      }, {
        "name": "index.gif",
        "type": "file"
      }, {
        "name": "index.png",
        "type": "file"
      }, {
        "name": "key.gif",
        "type": "file"
      }, {
        "name": "key.png",
        "type": "file"
      }, {
        "name": "movie.gif",
        "type": "file"
      }, {
        "name": "movie.png",
        "type": "file"
      }, {
        "name": "patch.gif",
        "type": "file"
      }, {
        "name": "patch.png",
        "type": "file"
      }, {
        "name": "ps.gif",
        "type": "file"
      }, {
        "name": "ps.png",
        "type": "file"
      }, {
        "name": "rainbow.gif",
        "type": "file"
      }, {
        "name": "rainbow.png",
        "type": "file"
      }, {
        "name": "sound.gif",
        "type": "file"
      }, {
        "name": "sound.png",
        "type": "file"
      }, {
        "name": "sound2.gif",
        "type": "file"
      }, {
        "name": "sound2.png",
        "type": "file"
      }, {
        "name": "tar.gif",
        "type": "file"
      }, {
        "name": "tar.png",
        "type": "file"
      }, {
        "name": "text.gif",
        "type": "file"
      }, {
        "name": "text.png",
        "type": "file"
      }, {
        "name": "transfer.gif",
        "type": "file"
      }, {
        "name": "transfer.png",
        "type": "file"
      }, {
        "name": "unknown.gif",
        "type": "file"
      }, {
        "name": "unknown.png",
        "type": "file"
      }, {
        "name": "uu.gif",
        "type": "file"
      }, {
        "name": "uu.png",
        "type": "file"
      }]
    }, {
      "name": "sound1.gif",
      "type": "file"
    }, {
      "name": "sound1.png",
      "type": "file"
    }, {
      "name": "sound2.gif",
      "type": "file"
    }, {
      "name": "sound2.png",
      "type": "file"
    }, {
      "name": "sphere1.gif",
      "type": "file"
    }, {
      "name": "sphere1.png",
      "type": "file"
    }, {
      "name": "sphere2.gif",
      "type": "file"
    }, {
      "name": "sphere2.png",
      "type": "file"
    }, {
      "name": "svg.png",
      "type": "file"
    }, {
      "name": "tar.gif",
      "type": "file"
    }, {
      "name": "tar.png",
      "type": "file"
    }, {
      "name": "tex.gif",
      "type": "file"
    }, {
      "name": "tex.png",
      "type": "file"
    }, {
      "name": "text.gif",
      "type": "file"
    }, {
      "name": "text.png",
      "type": "file"
    }, {
      "name": "transfer.gif",
      "type": "file"
    }, {
      "name": "transfer.png",
      "type": "file"
    }, {
      "name": "unknown.gif",
      "type": "file"
    }, {
      "name": "unknown.png",
      "type": "file"
    }, {
      "name": "up.gif",
      "type": "file"
    }, {
      "name": "up.png",
      "type": "file"
    }, {
      "name": "uu.gif",
      "type": "file"
    }, {
      "name": "uu.png",
      "type": "file"
    }, {
      "name": "uuencoded.gif",
      "type": "file"
    }, {
      "name": "uuencoded.png",
      "type": "file"
    }, {
      "name": "world1.gif",
      "type": "file"
    }, {
      "name": "world1.png",
      "type": "file"
    }, {
      "name": "world2.gif",
      "type": "file"
    }, {
      "name": "world2.png",
      "type": "file"
    }, {
      "name": "xml.png",
      "type": "file"
    }]
  }, {
    "name": "include",
    "type": "directory",
    "children": [{
      "name": "apache_noprobes.h",
      "type": "file"
    }, {
      "name": "apr.h",
      "type": "file"
    }, {
      "name": "apr_allocator.h",
      "type": "file"
    }, {
      "name": "apr_anylock.h",
      "type": "file"
    }, {
      "name": "apr_atomic.h",
      "type": "file"
    }, {
      "name": "apr_base64.h",
      "type": "file"
    }, {
      "name": "apr_buckets.h",
      "type": "file"
    }, {
      "name": "apr_crypto.h",
      "type": "file"
    }, {
      "name": "apr_date.h",
      "type": "file"
    }, {
      "name": "apr_dbd.h",
      "type": "file"
    }, {
      "name": "apr_dbm.h",
      "type": "file"
    }, {
      "name": "apr_dso.h",
      "type": "file"
    }, {
      "name": "apr_env.h",
      "type": "file"
    }, {
      "name": "apr_errno.h",
      "type": "file"
    }, {
      "name": "apr_escape.h",
      "type": "file"
    }, {
      "name": "apr_escape_test_char.h",
      "type": "file"
    }, {
      "name": "apr_file_info.h",
      "type": "file"
    }, {
      "name": "apr_file_io.h",
      "type": "file"
    }, {
      "name": "apr_fnmatch.h",
      "type": "file"
    }, {
      "name": "apr_general.h",
      "type": "file"
    }, {
      "name": "apr_getopt.h",
      "type": "file"
    }, {
      "name": "apr_global_mutex.h",
      "type": "file"
    }, {
      "name": "apr_hash.h",
      "type": "file"
    }, {
      "name": "apr_hooks.h",
      "type": "file"
    }, {
      "name": "apr_inherit.h",
      "type": "file"
    }, {
      "name": "apr_ldap.h",
      "type": "file"
    }, {
      "name": "apr_ldap_init.h",
      "type": "file"
    }, {
      "name": "apr_ldap_option.h",
      "type": "file"
    }, {
      "name": "apr_ldap_rebind.h",
      "type": "file"
    }, {
      "name": "apr_ldap_url.h",
      "type": "file"
    }, {
      "name": "apr_lib.h",
      "type": "file"
    }, {
      "name": "apr_md4.h",
      "type": "file"
    }, {
      "name": "apr_md5.h",
      "type": "file"
    }, {
      "name": "apr_memcache.h",
      "type": "file"
    }, {
      "name": "apr_mmap.h",
      "type": "file"
    }, {
      "name": "apr_network_io.h",
      "type": "file"
    }, {
      "name": "apr_optional.h",
      "type": "file"
    }, {
      "name": "apr_optional_hooks.h",
      "type": "file"
    }, {
      "name": "apr_poll.h",
      "type": "file"
    }, {
      "name": "apr_pools.h",
      "type": "file"
    }, {
      "name": "apr_portable.h",
      "type": "file"
    }, {
      "name": "apr_proc_mutex.h",
      "type": "file"
    }, {
      "name": "apr_queue.h",
      "type": "file"
    }, {
      "name": "apr_random.h",
      "type": "file"
    }, {
      "name": "apr_reslist.h",
      "type": "file"
    }, {
      "name": "apr_ring.h",
      "type": "file"
    }, {
      "name": "apr_rmm.h",
      "type": "file"
    }, {
      "name": "apr_sdbm.h",
      "type": "file"
    }, {
      "name": "apr_sha1.h",
      "type": "file"
    }, {
      "name": "apr_shm.h",
      "type": "file"
    }, {
      "name": "apr_signal.h",
      "type": "file"
    }, {
      "name": "apr_skiplist.h",
      "type": "file"
    }, {
      "name": "apr_strings.h",
      "type": "file"
    }, {
      "name": "apr_strmatch.h",
      "type": "file"
    }, {
      "name": "apr_support.h",
      "type": "file"
    }, {
      "name": "apr_tables.h",
      "type": "file"
    }, {
      "name": "apr_thread_cond.h",
      "type": "file"
    }, {
      "name": "apr_thread_mutex.h",
      "type": "file"
    }, {
      "name": "apr_thread_pool.h",
      "type": "file"
    }, {
      "name": "apr_thread_proc.h",
      "type": "file"
    }, {
      "name": "apr_thread_rwlock.h",
      "type": "file"
    }, {
      "name": "apr_time.h",
      "type": "file"
    }, {
      "name": "apr_uri.h",
      "type": "file"
    }, {
      "name": "apr_user.h",
      "type": "file"
    }, {
      "name": "apr_uuid.h",
      "type": "file"
    }, {
      "name": "apr_version.h",
      "type": "file"
    }, {
      "name": "apr_want.h",
      "type": "file"
    }, {
      "name": "apr_xlate.h",
      "type": "file"
    }, {
      "name": "apr_xml.h",
      "type": "file"
    }, {
      "name": "apu.h",
      "type": "file"
    }, {
      "name": "apu_errno.h",
      "type": "file"
    }, {
      "name": "apu_version.h",
      "type": "file"
    }, {
      "name": "apu_want.h",
      "type": "file"
    }, {
      "name": "ap_compat.h",
      "type": "file"
    }, {
      "name": "ap_config.h",
      "type": "file"
    }, {
      "name": "ap_config_layout.h",
      "type": "file"
    }, {
      "name": "ap_expr.h",
      "type": "file"
    }, {
      "name": "ap_hooks.h",
      "type": "file"
    }, {
      "name": "ap_listen.h",
      "type": "file"
    }, {
      "name": "ap_mmn.h",
      "type": "file"
    }, {
      "name": "ap_mpm.h",
      "type": "file"
    }, {
      "name": "ap_provider.h",
      "type": "file"
    }, {
      "name": "ap_regex.h",
      "type": "file"
    }, {
      "name": "ap_regkey.h",
      "type": "file"
    }, {
      "name": "ap_release.h",
      "type": "file"
    }, {
      "name": "ap_slotmem.h",
      "type": "file"
    }, {
      "name": "ap_socache.h",
      "type": "file"
    }, {
      "name": "cache_common.h",
      "type": "file"
    }, {
      "name": "expat.h",
      "type": "file"
    }, {
      "name": "heartbeat.h",
      "type": "file"
    }, {
      "name": "httpd.h",
      "type": "file"
    }, {
      "name": "http_config.h",
      "type": "file"
    }, {
      "name": "http_connection.h",
      "type": "file"
    }, {
      "name": "http_core.h",
      "type": "file"
    }, {
      "name": "http_log.h",
      "type": "file"
    }, {
      "name": "http_main.h",
      "type": "file"
    }, {
      "name": "http_protocol.h",
      "type": "file"
    }, {
      "name": "http_request.h",
      "type": "file"
    }, {
      "name": "http_vhost.h",
      "type": "file"
    }, {
      "name": "mod_auth.h",
      "type": "file"
    }, {
      "name": "mod_cache.h",
      "type": "file"
    }, {
      "name": "mod_cgi.h",
      "type": "file"
    }, {
      "name": "mod_core.h",
      "type": "file"
    }, {
      "name": "mod_dav.h",
      "type": "file"
    }, {
      "name": "mod_dbd.h",
      "type": "file"
    }, {
      "name": "mod_include.h",
      "type": "file"
    }, {
      "name": "mod_log_config.h",
      "type": "file"
    }, {
      "name": "mod_proxy.h",
      "type": "file"
    }, {
      "name": "mod_request.h",
      "type": "file"
    }, {
      "name": "mod_rewrite.h",
      "type": "file"
    }, {
      "name": "mod_so.h",
      "type": "file"
    }, {
      "name": "mod_ssl.h",
      "type": "file"
    }, {
      "name": "mod_status.h",
      "type": "file"
    }, {
      "name": "mod_watchdog.h",
      "type": "file"
    }, {
      "name": "mpm_common.h",
      "type": "file"
    }, {
      "name": "os.h",
      "type": "file"
    }, {
      "name": "scoreboard.h",
      "type": "file"
    }, {
      "name": "util_cfgtree.h",
      "type": "file"
    }, {
      "name": "util_charset.h",
      "type": "file"
    }, {
      "name": "util_cookies.h",
      "type": "file"
    }, {
      "name": "util_ebcdic.h",
      "type": "file"
    }, {
      "name": "util_fcgi.h",
      "type": "file"
    }, {
      "name": "util_filter.h",
      "type": "file"
    }, {
      "name": "util_ldap.h",
      "type": "file"
    }, {
      "name": "util_md5.h",
      "type": "file"
    }, {
      "name": "util_mutex.h",
      "type": "file"
    }, {
      "name": "util_script.h",
      "type": "file"
    }, {
      "name": "util_time.h",
      "type": "file"
    }, {
      "name": "util_varbuf.h",
      "type": "file"
    }, {
      "name": "util_xml.h",
      "type": "file"
    }]
  }, {
    "name": "INSTALL.txt",
    "type": "file"
  }, {
    "name": "lib",
    "type": "directory",
    "children": [{
      "name": ".chksum",
      "type": "file"
    }, {
      "name": "apr-1.lib",
      "type": "file"
    }, {
      "name": "aprutil-1.lib",
      "type": "file"
    }, {
      "name": "libapr-1.exp",
      "type": "file"
    }, {
      "name": "libapr-1.lib",
      "type": "file"
    }, {
      "name": "libapriconv-1.exp",
      "type": "file"
    }, {
      "name": "libapriconv-1.lib",
      "type": "file"
    }, {
      "name": "libaprutil-1.exp",
      "type": "file"
    }, {
      "name": "libaprutil-1.lib",
      "type": "file"
    }, {
      "name": "libhttpd.exp",
      "type": "file"
    }, {
      "name": "libhttpd.lib",
      "type": "file"
    }, {
      "name": "mod_dav.exp",
      "type": "file"
    }, {
      "name": "mod_dav.lib",
      "type": "file"
    }, {
      "name": "xml.lib",
      "type": "file"
    }]
  }, {
    "name": "LICENSE.txt",
    "type": "file"
  }, {
    "name": "Licenses.txt",
    "type": "file"
  }, {
    "name": "logs",
    "type": "directory",
    "children": [{
      "name": "install.log",
      "type": "file"
    }]
  }, {
    "name": "modules",
    "type": "directory",
    "children": [{
      "name": "mod_access_compat.so",
      "type": "file"
    }, {
      "name": "mod_actions.so",
      "type": "file"
    }, {
      "name": "mod_alias.so",
      "type": "file"
    }, {
      "name": "mod_allowmethods.so",
      "type": "file"
    }, {
      "name": "mod_asis.so",
      "type": "file"
    }, {
      "name": "mod_authnz_fcgi.so",
      "type": "file"
    }, {
      "name": "mod_authnz_ldap.so",
      "type": "file"
    }, {
      "name": "mod_authn_anon.so",
      "type": "file"
    }, {
      "name": "mod_authn_core.so",
      "type": "file"
    }, {
      "name": "mod_authn_dbd.so",
      "type": "file"
    }, {
      "name": "mod_authn_dbm.so",
      "type": "file"
    }, {
      "name": "mod_authn_file.so",
      "type": "file"
    }, {
      "name": "mod_authn_socache.so",
      "type": "file"
    }, {
      "name": "mod_authz_core.so",
      "type": "file"
    }, {
      "name": "mod_authz_dbd.so",
      "type": "file"
    }, {
      "name": "mod_authz_dbm.so",
      "type": "file"
    }, {
      "name": "mod_authz_groupfile.so",
      "type": "file"
    }, {
      "name": "mod_authz_host.so",
      "type": "file"
    }, {
      "name": "mod_authz_owner.so",
      "type": "file"
    }, {
      "name": "mod_authz_user.so",
      "type": "file"
    }, {
      "name": "mod_auth_basic.so",
      "type": "file"
    }, {
      "name": "mod_auth_digest.so",
      "type": "file"
    }, {
      "name": "mod_auth_form.so",
      "type": "file"
    }, {
      "name": "mod_autoindex.so",
      "type": "file"
    }, {
      "name": "mod_brotli.so",
      "type": "file"
    }, {
      "name": "mod_buffer.so",
      "type": "file"
    }, {
      "name": "mod_cache.so",
      "type": "file"
    }, {
      "name": "mod_cache_disk.so",
      "type": "file"
    }, {
      "name": "mod_cache_socache.so",
      "type": "file"
    }, {
      "name": "mod_cern_meta.so",
      "type": "file"
    }, {
      "name": "mod_cgi.so",
      "type": "file"
    }, {
      "name": "mod_charset_lite.so",
      "type": "file"
    }, {
      "name": "mod_data.so",
      "type": "file"
    }, {
      "name": "mod_dav.so",
      "type": "file"
    }, {
      "name": "mod_dav_fs.so",
      "type": "file"
    }, {
      "name": "mod_dav_lock.so",
      "type": "file"
    }, {
      "name": "mod_dbd.so",
      "type": "file"
    }, {
      "name": "mod_deflate.so",
      "type": "file"
    }, {
      "name": "mod_dir.so",
      "type": "file"
    }, {
      "name": "mod_dumpio.so",
      "type": "file"
    }, {
      "name": "mod_env.so",
      "type": "file"
    }, {
      "name": "mod_expires.so",
      "type": "file"
    }, {
      "name": "mod_ext_filter.so",
      "type": "file"
    }, {
      "name": "mod_file_cache.so",
      "type": "file"
    }, {
      "name": "mod_filter.so",
      "type": "file"
    }, {
      "name": "mod_headers.so",
      "type": "file"
    }, {
      "name": "mod_heartbeat.so",
      "type": "file"
    }, {
      "name": "mod_heartmonitor.so",
      "type": "file"
    }, {
      "name": "mod_http2.so",
      "type": "file"
    }, {
      "name": "mod_ident.so",
      "type": "file"
    }, {
      "name": "mod_imagemap.so",
      "type": "file"
    }, {
      "name": "mod_include.so",
      "type": "file"
    }, {
      "name": "mod_info.so",
      "type": "file"
    }, {
      "name": "mod_isapi.so",
      "type": "file"
    }, {
      "name": "mod_lbmethod_bybusyness.so",
      "type": "file"
    }, {
      "name": "mod_lbmethod_byrequests.so",
      "type": "file"
    }, {
      "name": "mod_lbmethod_bytraffic.so",
      "type": "file"
    }, {
      "name": "mod_lbmethod_heartbeat.so",
      "type": "file"
    }, {
      "name": "mod_ldap.so",
      "type": "file"
    }, {
      "name": "mod_logio.so",
      "type": "file"
    }, {
      "name": "mod_log_config.so",
      "type": "file"
    }, {
      "name": "mod_log_debug.so",
      "type": "file"
    }, {
      "name": "mod_log_forensic.so",
      "type": "file"
    }, {
      "name": "mod_lua.so",
      "type": "file"
    }, {
      "name": "mod_macro.so",
      "type": "file"
    }, {
      "name": "mod_md.so",
      "type": "file"
    }, {
      "name": "mod_mime.so",
      "type": "file"
    }, {
      "name": "mod_mime_magic.so",
      "type": "file"
    }, {
      "name": "mod_negotiation.so",
      "type": "file"
    }, {
      "name": "mod_proxy.so",
      "type": "file"
    }, {
      "name": "mod_proxy_ajp.so",
      "type": "file"
    }, {
      "name": "mod_proxy_balancer.so",
      "type": "file"
    }, {
      "name": "mod_proxy_connect.so",
      "type": "file"
    }, {
      "name": "mod_proxy_express.so",
      "type": "file"
    }, {
      "name": "mod_proxy_fcgi.so",
      "type": "file"
    }, {
      "name": "mod_proxy_ftp.so",
      "type": "file"
    }, {
      "name": "mod_proxy_hcheck.so",
      "type": "file"
    }, {
      "name": "mod_proxy_html.so",
      "type": "file"
    }, {
      "name": "mod_proxy_http.so",
      "type": "file"
    }, {
      "name": "mod_proxy_http2.so",
      "type": "file"
    }, {
      "name": "mod_proxy_scgi.so",
      "type": "file"
    }, {
      "name": "mod_proxy_uwsgi.so",
      "type": "file"
    }, {
      "name": "mod_proxy_wstunnel.so",
      "type": "file"
    }, {
      "name": "mod_ratelimit.so",
      "type": "file"
    }, {
      "name": "mod_reflector.so",
      "type": "file"
    }, {
      "name": "mod_remoteip.so",
      "type": "file"
    }, {
      "name": "mod_reqtimeout.so",
      "type": "file"
    }, {
      "name": "mod_request.so",
      "type": "file"
    }, {
      "name": "mod_rewrite.so",
      "type": "file"
    }, {
      "name": "mod_sed.so",
      "type": "file"
    }, {
      "name": "mod_session.so",
      "type": "file"
    }, {
      "name": "mod_session_cookie.so",
      "type": "file"
    }, {
      "name": "mod_session_crypto.so",
      "type": "file"
    }, {
      "name": "mod_session_dbd.so",
      "type": "file"
    }, {
      "name": "mod_setenvif.so",
      "type": "file"
    }, {
      "name": "mod_slotmem_plain.so",
      "type": "file"
    }, {
      "name": "mod_slotmem_shm.so",
      "type": "file"
    }, {
      "name": "mod_socache_dbm.so",
      "type": "file"
    }, {
      "name": "mod_socache_memcache.so",
      "type": "file"
    }, {
      "name": "mod_socache_redis.so",
      "type": "file"
    }, {
      "name": "mod_socache_shmcb.so",
      "type": "file"
    }, {
      "name": "mod_speling.so",
      "type": "file"
    }, {
      "name": "mod_ssl.so",
      "type": "file"
    }, {
      "name": "mod_status.so",
      "type": "file"
    }, {
      "name": "mod_substitute.so",
      "type": "file"
    }, {
      "name": "mod_unique_id.so",
      "type": "file"
    }, {
      "name": "mod_userdir.so",
      "type": "file"
    }, {
      "name": "mod_usertrack.so",
      "type": "file"
    }, {
      "name": "mod_version.so",
      "type": "file"
    }, {
      "name": "mod_vhost_alias.so",
      "type": "file"
    }, {
      "name": "mod_watchdog.so",
      "type": "file"
    }, {
      "name": "mod_xml2enc.so",
      "type": "file"
    }]
  }, {
    "name": "NOTICE.txt",
    "type": "file"
  }, {
    "name": "OPENSSL-NEWS.txt",
    "type": "file"
  }, {
    "name": "OPENSSL-README.txt",
    "type": "file"
  }, {
    "name": "README.txt",
    "type": "file"
  }]
}